Genome	sample_1.1.fq.gz Mean	sample_1.1.fq.gz Relative Abundance (%)	sample_1.1.fq.gz Covered Fraction
unmapped	NA	51.746	NA
genome_1	0.9410575	25.87694	0.52770287
genome_2	0.40274984	11.074703	0.27789244
genome_3	0.20988818	5.7714467	0.15818907
genome_4	0.20114066	5.5309105	0.1509256
genome_5	0	0	0
genome_6	0	0	0
genome_7	0	0	0
genome_8	0	0	0
