Genome	713_CPN1-1-X0.1.fq.gz Mean	713_CPN1-1-X0.1.fq.gz Relative Abundance (%)	713_CPN1-1-X0.1.fq.gz Covered Fraction
unmapped	NA	50.81075	NA
genome_1	732.317	26.360964	0.999935
genome_2	304.20364	10.950313	1
genome_3	165.43732	5.9551897	0.99993813
genome_4	159.31432	5.734782	0.9999948
genome_5	0	0	0
genome_6	0	0	0
genome_7	0	0	0
genome_8	5.2227674	0.18800214	0.29310852
